{
    "$schema": "http://json-schema.org/draft-07/schema#",
    "title": "AI Rule Guard Rules Configuration",
    "description": "Configuration schema for AI Rule Guard custom coding rules",
    "type": "object",
    "properties": {
        "rules": {
            "type": "array",
            "description": "Array of custom coding rules to enforce",
            "items": {
                "type": "object",
                "required": [
                    "id",
                    "name",
                    "description"
                ],
                "properties": {
                    "id": {
                        "type": "string",
                        "description": "Unique identifier for the rule (kebab-case recommended)",
                        "pattern": "^[a-z0-9-]+$"
                    },
                    "name": {
                        "type": "string",
                        "description": "Human-readable name for the rule"
                    },
                    "description": {
                        "type": "string",
                        "description": "Natural language description of what the rule enforces"
                    },
                    "severity": {
                        "type": "string",
                        "enum": [
                            "error",
                            "warning",
                            "info"
                        ],
                        "default": "warning",
                        "description": "Severity level of violations"
                    },
                    "enabled": {
                        "type": "boolean",
                        "default": true,
                        "description": "Whether this rule is active"
                    },
                    "filePattern": {
                        "type": "string",
                        "description": "Optional glob pattern to limit rule to specific files (e.g., '**/*.tsx')"
                    }
                }
            }
        }
    },
    "required": [
        "rules"
    ]
}