{
    "$schema": "./rules.schema.json",
    "rules": [
        {
            "id": "hooks-folder-structure",
            "name": "Hooks Folder Structure",
            "description": "All custom hooks must be created inside the 'hooks/app' folder. Hook files should follow the naming pattern 'use*.ts' or 'use*.tsx'. If a hook file is found outside this folder, it violates this rule.",
            "severity": "error",
            "enabled": true,
            "filePattern": "**/use*.{ts,tsx}"
        },
        {
            "id": "components-in-ui-folder",
            "name": "Components Must Be In UI Folder",
            "description": "All React components must be placed inside the 'src/ui/components' folder. Component files should end with '.tsx' or '.jsx'. Any component file outside this folder structure violates this rule.",
            "severity": "warning",
            "enabled": true,
            "filePattern": "**/*.{tsx,jsx}"
        },
        {
            "id": "no-any-type",
            "name": "No Any Type",
            "description": "Using 'any' type in TypeScript reduces type safety and should be avoided. Look for type annotations like ': any' or 'as any' in the code. Use specific types or 'unknown' instead.",
            "severity": "warning",
            "enabled": true
        },
        {
            "id": "no-console-log",
            "name": "No Console Log",
            "description": "console.log() statements should not be used in production code. Detect any usage of console.log(), console.warn(), or console.error(). Use a proper logging service instead.",
            "severity": "info",
            "enabled": true
        },
        {
            "id": "function-naming-camelcase",
            "name": "Function Naming Convention",
            "description": "All function names must use camelCase naming convention (e.g., getUserData, handleClick). Detect functions that use PascalCase (GetUserData), snake_case (get_user_data), or kebab-case. React components (PascalCase) are exempt from this rule.",
            "severity": "warning",
            "enabled": true
        },
        {
            "id": "max-function-length",
            "name": "Maximum Function Length",
            "description": "Functions should not exceed 50 lines of code. Count the lines between the opening and closing braces of each function. Long functions should be broken down into smaller, more focused functions for better maintainability.",
            "severity": "info",
            "enabled": true
        },
        {
            "id": "api-calls-in-services",
            "name": "API Calls Must Use Service Layer",
            "description": "Direct API calls using fetch() or axios should not be made in React components. All API calls must be wrapped in a service layer or custom hooks. Detect direct usage of fetch(), axios.get(), axios.post(), etc. in component files.",
            "severity": "error",
            "enabled": true,
            "filePattern": "**/components/**/*.{ts,tsx}"
        },
        {
            "id": "files-must-be-in-src",
            "name": "All Source Files Must Be In Src Folder",
            "description": "All application source code files (.ts, .tsx, .js, .jsx) must be located inside the 'src' folder. Any source file found outside the 'src' folder violates this organizational rule.",
            "severity": "error",
            "enabled": true,
            "filePattern": "**/*.{ts,tsx,js,jsx}"
        }
    ]
}